[
    {
        "imgUrl": "https://jacksonsquareliving.com/wp-content/uploads/2015/07/Jackson-Square-Floor-Plan-E-800.jpg",
        "slug": "840",
        "size": "840 square feet",
        "type": "1 beds 1 bath",
        "Availability": "11/01/2019",
        "unit": "310"
    },
    {
        "imgUrl": "https://jacksonsquareliving.com/wp-content/uploads/2015/07/Jackson-Square-Floor-Plan-E-800.jpg",
        "slug": "840",
        "size": "840 square feet",
        "type": "1 beds 1 bath",
        "Availability": "11/01/2019",
        "unit": "311"
    },
    {
        "imgUrl": "https://jacksonsquareliving.com/wp-content/uploads/2015/07/Jackson-Square-Floor-Plan-E-800.jpg",
        "slug": "840",
        "size": "840 square feet",
        "type": "1 beds 1 bath",
        "Availability": "11/01/2019",
        "unit": "312"
    },
    {
        "imgUrl": "https://jacksonsquareliving.com/wp-content/uploads/2015/07/Jackson-Square-Floor-Plan-E-800.jpg",
        "slug": "840",
        "size": "840 square feet",
        "type": "1 beds 1 bath",
        "Availability": "11/01/2019",
        "unit": "410"
    },
    {
        "imgUrl": "https://jacksonsquareliving.com/wp-content/uploads/2015/07/Jackson-Square-Floor-Plan-W-800.jpg",
        "slug": "990",
        "size": "990 square feet",
        "type": "1 beds 1 bath",
        "Availability": "11/08/2019",
        "unit": "500"
    },
    {
        "imgUrl": "https://jacksonsquareliving.com/wp-content/uploads/2015/07/Jackson-Square-Floor-Plan-W-800.jpg",
        "slug": "990",
        "size": "990 square feet",
        "type": "1 beds 1 bath",
        "Availability": "11/08/2019",
        "unit": "501"
    },
    {
        "imgUrl": "https://jacksonsquareliving.com/wp-content/uploads/2015/07/Jackson-Square-Floor-Plan-W-800.jpg",
        "slug": "990",
        "size": "990 square feet",
        "type": "1 beds 1 bath",
        "Availability": "11/08/2019",
        "unit": "608"
    },
    {
        "imgUrl": "https://jacksonsquareliving.com/wp-content/uploads/2015/07/Jackson-Square-Floor-Plan-W-800.jpg",
        "slug": "990",
        "size": "990 square feet",
        "type": "1 beds 1 bath",
        "Availability": "11/08/2019",
        "unit": "612"
    },
    {
        "imgUrl": "https://theoverlookonprospect.com/wp-content/uploads/2015/06/N-2-bed-1-bath-994.png",
        "slug": "1000",
        "size": "1000 square feet",
        "type": "2 beds 1 bath",
        "Availability": "11/20/2019",
        "unit": "212"
    },
    {
        "imgUrl": "https://theoverlookonprospect.com/wp-content/uploads/2015/06/N-2-bed-1-bath-994.png",
        "slug": "1000",
        "size": "1000 square feet",
        "type": "2 beds 1 bath",
        "Availability": "11/20/2019",
        "unit": "216"
    },
    {
        "imgUrl": "https://theoverlookonprospect.com/wp-content/uploads/2015/06/N-2-bed-1-bath-994.png",
        "slug": "1000",
        "size": "1000 square feet",
        "type": "2 beds 1 bath",
        "Availability": "11/20/2019",
        "unit": "314"
    },
    {
        "imgUrl": "https://theoverlookonprospect.com/wp-content/uploads/2015/06/O-2-bed-1-bath-1000.png",
        "slug": "1200",
        "size": "1,200 square feet",
        "type": "2 beds 2 bath",
        "Availability": "11/23/2019",
        "unit": "710"
    },
    {
        "imgUrl": "https://theoverlookonprospect.com/wp-content/uploads/2015/06/O-2-bed-1-bath-1000.png",
        "slug": "1200",
        "size": "1,200 square feet",
        "type": "2 beds 2 bath",
        "Availability": "11/23/2019",
        "unit": "712"
    },
    {
        "imgUrl": "https://theoverlookonprospect.com/wp-content/uploads/2015/06/O-2-bed-1-bath-1000.png",
        "slug": "1200",
        "size": "1,200 square feet",
        "type": "2 beds 2 bath",
        "Availability": "11/23/2019",
        "unit": "715"
    }
]